"First name";"Last name";birthdate;organisation;email;message
André;;;Murki;;"Top ist das hat sehr viel Spaß gemacht. Aber macht nicht mehr davon bitte!"
asdasd;;;adasd;;"asdasd ada das asd #+1221§!§!§§$$%%&amp;%$$&amp;%"
André;Müller;1982-01-22;ROY;andre@r-o-y.de;"Das ist sehr schön."
André;Müller;0001-01-22;ROY;andre@r-o-y.de;"Das ist sehr schön."
asd;asdas;0002-02-22;asddas;adasd@sddsd.de;asdasddas
André;Müller;1982-01-22;ROY;andre@r-o-y.de;JO
Peter;Schmitz;1233-02-02;POMPOP;title@dd.de;moiniooo
André;Müller;1982-01-22;ROY;andre@r-o-y.de;Gut
André;Müller;0002-02-22;wqwe;qweq@weqwe.de;
sdfs;sdfsdf;0002-02-22;adasd;asdasd@sdasd.de;ad
test;test;0001-01-01;rere;erer@sddd.ee;d
André;asdasd;0122-02-22;sdasd;asd@sdadasd.ef;asdad
André;Müller;1982-01-22;ROY;andre@r-o-y.de;Jo
wqe;;;;;
5t55t;;;;;
André;;;;;
asdasd;;;;;
André;;;;;
murk;;;;;
André;;;;;
André;;;;;
asdasd;;;;;
www;;;;;
asd;;;;;
qwe;;;;;
hhhh;;;;;
cxdsada;;;;;
ddd;;;;;
asd;;;;;
andre;;;;;
were;;;;;
andre;;;;;
trh;;;;;
asd;;;;;
sdfs;;;;;
André;;;;;
"André 2";;;;;
jo;;;;;
dddd;;;;;
fff;;;;;
André;;;;;
André;;;;;
André;;;;;
André;;;;;
André;;;;;
André;;;;;
vvv;;;;;
André;;;;;
André;;;;;
André;;;;;
André;;;;;
asd;;;;;
